{
  "num_folds": 10,
  "accuracy_mean": 0.8261252446183953,
  "accuracy_std": 0.021395873855784616,
  "auc_mean": 0.8892679713884007,
  "auc_std": 0.02216826786542618,
  "f1_macro_mean": 0.8239860575638172,
  "f1_macro_std": 0.021888212489661447,
  "fold_mean": 5.5,
  "fold_std": 3.0276503540974917,
  "loss_mean": 0.8715927958488464,
  "loss_std": 0.3185151900524891,
  "num_cdan_target_mean": 364.6,
  "num_cdan_target_std": 0.5163977794943223,
  "num_source_train_mean": 3281.4,
  "num_source_train_std": 0.5163977794943223,
  "num_test_mean": 364.6,
  "num_test_std": 0.5163977794943223,
  "num_val_mean": 0.0,
  "num_val_std": 0.0,
  "precision_macro_mean": 0.8272400557230188,
  "precision_macro_std": 0.02158700535241707,
  "recall_macro_mean": 0.8227458968936674,
  "recall_macro_std": 0.021981209182338222
}