{
  "num_folds": 10,
  "corr_mean": 0.7258291821829618,
  "corr_std": 0.05585196439070124,
  "fold_mean": 5.5,
  "fold_std": 3.0276503540974917,
  "loss_mean": 0.6890383978684743,
  "loss_std": 0.05581723634527388,
  "mae_mean": 0.44463600162531663,
  "mae_std": 0.0334397236379271,
  "num_cdan_target_mean": 364.6,
  "num_cdan_target_std": 0.5163977794943223,
  "num_source_train_mean": 3281.4,
  "num_source_train_std": 0.5163977794943223,
  "num_test_mean": 364.6,
  "num_test_std": 0.5163977794943223,
  "num_val_mean": 0.0,
  "num_val_std": 0.0,
  "r2_mean": 0.5003925946326502,
  "r2_std": 0.08657401298981274,
  "rmse_mean": 0.6890361120665439,
  "rmse_std": 0.05589005356644093
}