{
  "num_folds": 10,
  "accuracy_mean": 0.8047880490296221,
  "accuracy_std": 0.04093731885928507,
  "auc_mean": 0.8845904954499495,
  "auc_std": 0.027952420349236385,
  "f1_macro_mean": 0.8040026761783201,
  "f1_macro_std": 0.041062218912432925,
  "fold_mean": 5.5,
  "fold_std": 3.0276503540974917,
  "loss_mean": 0.5716790437698365,
  "loss_std": 0.11448137851393612,
  "num_cdan_target_mean": 88.6,
  "num_cdan_target_std": 0.5163977794943222,
  "num_source_train_mean": 797.4,
  "num_source_train_std": 0.5163977794943223,
  "num_test_mean": 88.6,
  "num_test_std": 0.5163977794943222,
  "num_val_mean": 0.0,
  "num_val_std": 0.0,
  "precision_macro_mean": 0.8107405499563025,
  "precision_macro_std": 0.04198896837982656,
  "recall_macro_mean": 0.8054828109201214,
  "recall_macro_std": 0.04066062736092385
}